City_ID,City,Country,Date,Lat,Lng,Max Temp,Humidity,Cloudiness,Wind Speed
0,New Norfolk,AU,2021-04-17 22:32:28,-42.7826,147.0587,57.0,79,100,3.0
1,Lodja,CD,2021-04-17 22:32:28,-3.4833,23.4333,69.49,98,50,1.83
2,Svetlyy,RU,2021-04-17 22:32:29,54.675,20.1347,44.6,93,0,4.47
3,Bredasdorp,ZA,2021-04-17 22:32:29,-34.5322,20.0403,46.4,87,0,1.14
4,Hobart,AU,2021-04-17 22:32:29,-42.8794,147.3294,57.2,58,75,12.66
5,Grindavik,IS,2021-04-17 22:32:30,63.8424,-22.4338,37.4,65,90,11.5
6,Aykhal,RU,2021-04-17 22:32:30,66.0,111.5,0.48,96,100,18.19
7,Torbay,CA,2021-04-17 22:27:38,47.6666,-52.7314,36.0,93,90,17.27
8,Gravdal,NO,2021-04-17 22:32:31,68.1214,13.5031,40.32,77,46,12.08
9,Taoudenni,ML,2021-04-17 22:32:31,22.6783,-3.9836,83.77,15,0,10.25
10,Carupano,VE,2021-04-17 22:32:31,10.6678,-63.2585,78.78,78,48,11.27
11,Vaini,TO,2021-04-17 22:32:32,-21.2,-175.2,78.8,69,20,9.22
12,Hilo,US,2021-04-17 22:31:50,19.7297,-155.09,82.4,47,1,12.66
13,Dikson,RU,2021-04-17 22:32:32,73.5069,80.5464,-17.14,100,44,2.8
14,Yanam,IN,2021-04-17 22:32:32,16.7333,82.2167,76.8,87,0,2.44
15,Lebu,CL,2021-04-17 22:32:33,-37.6167,-73.65,55.47,89,82,4.9
16,Busselton,AU,2021-04-17 22:32:33,-33.65,115.3333,48.99,89,0,7.43
17,Cabo San Lucas,MX,2021-04-17 22:31:38,22.8909,-109.9124,82.99,34,1,10.36
18,Ushuaia,AR,2021-04-17 22:32:34,-54.8,-68.3,55.4,47,75,10.36
19,Tiksi,RU,2021-04-17 22:32:34,71.6872,128.8694,6.04,91,100,11.3
20,Constitucion,CL,2021-04-17 22:32:34,-35.3333,-72.4167,55.98,88,80,2.57
21,Petersburg,US,2021-04-17 22:32:35,37.2279,-77.4019,64.4,39,90,2.75
22,Tuatapere,NZ,2021-04-17 22:32:35,-46.1333,167.6833,55.99,81,93,5.99
23,Abbeville,FR,2021-04-17 22:30:21,50.1,1.8333,39.0,81,47,5.59
24,Ippy,CF,2021-04-17 22:32:35,6.2679,21.2247,75.02,56,92,3.87
25,Kodiak,US,2021-04-17 22:32:36,57.79,-152.4072,42.8,75,90,4.61
26,Albany,US,2021-04-17 22:30:01,42.6001,-73.9662,50.0,59,100,5.64
27,Ponta Do Sol,PT,2021-04-17 22:32:36,32.6667,-17.1,57.99,68,97,1.99
28,Paciran,ID,2021-04-17 22:32:37,-6.8767,112.3761,76.98,86,72,4.54
29,Arraial Do Cabo,BR,2021-04-17 22:32:37,-22.9661,-42.0278,75.2,88,40,13.8
30,Avarua,CK,2021-04-17 22:32:37,-21.2078,-159.775,82.4,74,12,8.05
31,Ostrovnoy,RU,2021-04-17 22:30:16,68.0531,39.5131,29.48,84,95,5.01
32,Berlevag,NO,2021-04-17 22:32:38,70.8578,29.0864,36.3,86,34,13.22
33,Atuona,PF,2021-04-17 22:30:54,-9.8,-139.0333,80.49,75,49,19.3
34,Chuy,UY,2021-04-17 22:32:38,-33.6971,-53.4616,63.77,90,4,6.08
35,Ialibu,PG,2021-04-17 22:32:39,-6.2821,143.9935,62.89,82,100,1.28
36,Talnakh,RU,2021-04-17 22:32:39,69.4865,88.3972,-23.55,94,66,2.21
37,Saint-Philippe,RE,2021-04-17 22:32:39,-21.3585,55.7679,75.2,94,90,4.61
38,Laguna De Perlas,NI,2021-04-17 22:32:40,12.3429,-83.6712,84.2,79,75,4.61
39,Rikitea,PF,2021-04-17 22:32:40,-23.1203,-134.9692,77.49,67,73,6.33
40,Chifeng,CN,2021-04-17 22:32:40,42.2683,118.9636,43.07,25,0,5.79
41,Ancud,CL,2021-04-17 22:32:41,-41.8697,-73.8203,64.4,68,75,8.3
42,Perote,MX,2021-04-17 22:32:41,19.5667,-97.2333,64.58,64,72,9.15
43,Port Alfred,ZA,2021-04-17 22:32:41,-33.5906,26.891,64.92,65,38,11.99
44,Upernavik,GL,2021-04-17 22:32:42,72.7868,-56.1549,7.11,85,100,6.67
45,Dwarka,IN,2021-04-17 22:32:42,22.2394,68.9678,79.39,78,2,9.71
46,Yarim,YE,2021-04-17 22:32:42,14.298,44.3779,56.93,50,14,1.81
47,Cayenne,GF,2021-04-17 22:32:43,4.9333,-52.3333,81.0,78,55,10.36
48,Mahebourg,MU,2021-04-17 22:32:43,-20.4081,57.7,77.0,94,75,3.44
49,Monrovia,LR,2021-04-17 22:32:43,6.3005,-10.7969,78.8,94,75,1.7
50,Lagoa,PT,2021-04-17 22:32:44,39.05,-27.9833,61.09,91,42,18.01
51,Deputatskiy,RU,2021-04-17 22:32:44,69.3,139.9,16.54,71,100,20.15
52,Aksarka,RU,2021-04-17 22:32:44,66.5606,67.7975,-13.07,99,58,4.38
53,Kruisfontein,ZA,2021-04-17 22:32:45,-34.0033,24.7314,61.77,34,19,5.06
54,Opuwo,NA,2021-04-17 22:29:46,-18.0607,13.84,70.75,52,92,3.83
55,Dingle,PH,2021-04-17 22:28:05,10.9995,122.6711,76.14,79,100,8.39
56,Mataura,NZ,2021-04-17 22:32:45,-46.1927,168.8643,55.99,81,98,5.99
57,Provideniya,RU,2021-04-17 22:28:28,64.3833,-173.3,30.24,89,95,6.6
58,Barrow,US,2021-04-17 22:32:46,71.2906,-156.7887,28.4,80,1,11.5
59,Nargana,PA,2021-04-17 22:32:46,9.4428,-78.5906,79.84,83,100,1.41
60,Necochea,AR,2021-04-17 22:32:47,-38.5473,-58.7368,68.0,84,63,8.63
61,Poli,TZ,2021-04-17 22:32:47,-3.3333,36.8,71.6,94,40,20.71
62,Hermanus,ZA,2021-04-17 22:32:47,-34.4187,19.2345,64.99,58,0,6.89
63,Ellisras,ZA,2021-04-17 22:32:48,-23.6649,27.7443,56.68,67,25,4.79
64,Marsabit,KE,2021-04-17 22:32:48,2.3284,37.9899,69.12,66,87,9.19
65,Batemans Bay,AU,2021-04-17 22:32:48,-35.7167,150.1833,57.99,80,27,1.01
66,Kapaa,US,2021-04-17 22:32:49,22.0752,-159.319,75.2,64,75,13.8
67,Chimbote,PE,2021-04-17 22:32:49,-9.0853,-78.5783,68.74,82,93,8.14
68,Melfi,IT,2021-04-17 22:32:49,40.9965,15.6514,39.99,35,40,6.91
69,Conakry,GN,2021-04-17 22:32:50,9.538,-13.6773,80.6,89,20,2.3
70,Jardim,BR,2021-04-17 22:32:50,-21.4803,-56.1381,74.57,70,58,1.54
71,Mar Del Plata,AR,2021-04-17 22:30:34,-38.0023,-57.5575,66.99,94,90,6.91
72,Havoysund,NO,2021-04-17 22:32:50,70.9963,24.6622,35.6,87,20,4.61
73,Tahta,EG,2021-04-17 22:32:51,26.7693,31.5021,78.8,21,0,4.61
74,Colac,AU,2021-04-17 22:32:51,-38.3333,143.5833,52.0,1,83,5.01
75,Castro,BR,2021-04-17 22:32:52,-24.7911,-50.0119,59.11,93,63,3.44
76,Bambous Virieux,MU,2021-04-17 22:32:52,-20.3428,57.7575,78.01,94,75,3.44
77,Hami,CN,2021-04-17 22:32:52,42.8,93.45,60.17,18,86,12.41
78,Mananara,MG,2021-04-17 22:32:53,-16.1667,49.7667,74.75,94,82,7.14
79,Kaitangata,NZ,2021-04-17 22:32:53,-46.2817,169.8464,57.0,70,96,4.0
80,Lebedyn,UA,2021-04-17 22:32:53,50.5852,34.4849,41.81,89,98,6.85
81,Katsuura,JP,2021-04-17 22:32:54,35.1333,140.3,63.0,34,87,15.01
82,Clyde River,CA,2021-04-17 22:32:54,70.4692,-68.5914,8.6,78,90,17.27
83,Jerez,GT,2021-04-17 22:32:54,14.1,-89.75,93.2,40,40,4.61
84,Kamenka,RU,2021-04-17 22:32:55,51.3223,42.7678,37.0,94,1,3.67
85,Jamestown,US,2021-04-17 22:31:20,42.097,-79.2353,46.99,70,90,9.22
86,Mana,GF,2021-04-17 22:32:55,5.6592,-53.7767,78.03,80,98,11.9
87,Zhezkazgan,KZ,2021-04-17 22:32:55,47.8043,67.7144,55.02,40,95,3.91
88,Klaksvik,FO,2021-04-17 22:32:56,62.2266,-6.589,46.4,81,100,24.16
89,Bethel,US,2021-04-17 22:32:56,41.3712,-73.414,50.0,62,95,3.69
90,Yellowknife,CA,2021-04-17 22:30:23,62.456,-114.3525,37.0,69,75,6.91
91,Fort Saint James,CA,2021-04-17 22:32:57,54.4333,-124.25,53.01,75,100,3.4
92,Bluff,NZ,2021-04-17 22:32:57,-46.6,168.3333,55.99,81,99,5.99
93,Korla,CN,2021-04-17 22:32:57,41.7597,86.1469,60.44,28,97,10.58
94,Severo-Kurilsk,RU,2021-04-17 22:32:58,50.6789,156.125,37.9,63,100,6.29
95,Vilyuysk,RU,2021-04-17 22:32:58,63.7553,121.6247,12.54,91,100,13.27
96,Hithadhoo,MV,2021-04-17 22:32:59,-0.6,73.0833,81.88,62,25,4.52
97,Ribeira Grande,PT,2021-04-17 22:32:59,38.5167,-28.7,62.26,91,45,13.22
98,Cedar City,US,2021-04-17 22:28:31,37.6775,-113.0619,51.01,27,90,17.27
99,Pulandian,CN,2021-04-17 22:32:59,39.3953,121.9669,39.2,65,0,2.24
100,Tessalit,ML,2021-04-17 22:33:00,20.1986,1.0114,85.82,19,87,9.78
101,Longyearbyen,SJ,2021-04-17 22:33:00,78.2186,15.6401,28.4,80,75,20.71
102,Eureka,US,2021-04-17 22:33:00,40.8021,-124.1637,54.0,93,90,6.91
103,Makakilo City,US,2021-04-17 22:33:01,21.3469,-158.0858,80.6,78,90,6.91
104,Saldanha,ZA,2021-04-17 22:33:01,-33.0117,17.9442,64.4,36,0,2.3
105,Bathsheba,BB,2021-04-17 22:33:01,13.2167,-59.5167,80.6,61,20,18.41
106,Tiarei,PF,2021-04-17 22:28:17,-17.5333,-149.3333,87.8,66,20,11.5
107,Lompoc,US,2021-04-17 22:33:02,34.6391,-120.4579,60.8,63,1,12.66
108,Mopipi,BW,2021-04-17 22:33:02,-21.1833,24.8833,63.72,53,0,14.12
109,Shitanjing,CN,2021-04-17 22:33:02,39.2342,106.3439,44.62,32,0,4.07
110,Bonnyville,CA,2021-04-17 22:33:03,54.2668,-110.735,60.8,26,75,20.71
111,Mount Isa,AU,2021-04-17 22:33:03,-20.7333,139.5,68.0,37,2,10.36
112,Karratha,AU,2021-04-17 22:33:04,-20.7377,116.8463,80.1,47,0,8.34
113,Elban,RU,2021-04-17 22:33:04,50.1018,136.5094,41.67,78,29,1.79
114,Tema,GH,2021-04-17 22:33:04,5.667,-0.0166,82.4,78,40,9.22
115,Shimoda,JP,2021-04-17 22:33:05,34.6667,138.95,61.0,48,62,1.99
116,Lulea,SE,2021-04-17 22:33:05,65.5842,22.1547,32.0,86,85,1.39
117,Inyonga,TZ,2021-04-17 22:33:05,-6.7167,32.0667,62.31,97,22,5.17
118,Lac Du Bonnet,CA,2021-04-17 22:33:06,50.2536,-96.0612,47.5,57,48,6.35
119,Egvekinot,RU,2021-04-17 22:33:06,66.3167,-179.1667,27.95,98,100,13.6
120,Rosetown,CA,2021-04-17 22:32:07,51.5501,-108.0014,69.01,18,80,18.41
121,Spring Hill,US,2021-04-17 22:33:06,28.4769,-82.5255,80.6,65,40,12.66
122,Danville,US,2021-04-17 22:33:07,36.586,-79.395,64.4,36,90,10.36
123,Sauteurs,GD,2021-04-17 22:33:07,12.2167,-61.6333,82.4,74,20,14.97
124,Victoria,HK,2021-04-17 22:31:05,22.2855,114.1577,73.99,68,95,1.01
125,Morant Bay,JM,2021-04-17 22:33:08,17.8815,-76.4093,86.0,66,20,25.32
126,Kato Glikovrisi,GR,2021-04-17 22:33:08,36.8333,22.7833,66.0,73,100,3.0
127,Georgetown,MY,2021-04-17 22:30:11,5.4112,100.3354,80.6,89,20,2.3
128,Carballo,ES,2021-04-17 22:33:09,43.213,-8.691,51.01,62,0,3.44
129,Norman Wells,CA,2021-04-17 22:33:09,65.282,-126.8329,44.6,49,20,16.11
130,Punta Arenas,CL,2021-04-17 22:32:15,-53.15,-70.9167,51.8,62,75,6.91
131,Souillac,MU,2021-04-17 22:33:09,-20.5167,57.5167,77.0,94,75,3.44
132,Port Lincoln,AU,2021-04-17 22:33:10,-34.7333,135.8667,60.08,69,24,4.76
133,Namibe,AO,2021-04-17 22:33:10,-15.1961,12.1522,82.09,66,0,2.08
134,Ereymentau,KZ,2021-04-17 22:33:10,51.6199,73.1033,39.9,72,17,6.67
135,Poya,NC,2021-04-17 22:33:11,-21.35,165.15,80.01,67,15,5.61
136,Butaritari,KI,2021-04-17 22:33:11,3.0707,172.7902,82.24,76,98,5.97
137,Bengkulu,ID,2021-04-17 22:33:11,-3.8004,102.2655,75.13,86,100,1.81
138,Tuktoyaktuk,CA,2021-04-17 22:33:12,69.4541,-133.0374,26.6,80,75,11.5
139,Plettenberg Bay,ZA,2021-04-17 22:33:12,-34.0527,23.3716,66.81,39,28,4.34
140,Chara,RU,2021-04-17 22:33:12,56.9064,118.2631,26.71,87,100,6.98
141,Maragogi,BR,2021-04-17 22:33:13,-9.0122,-35.2225,76.46,87,52,5.64
142,Samarai,PG,2021-04-17 22:33:13,-10.6167,150.6667,83.7,75,75,13.06
143,Nelson,NZ,2021-04-17 22:30:10,-41.2833,173.2833,57.99,77,13,3.0
144,Myjava,SK,2021-04-17 22:33:14,48.7588,17.5687,45.0,75,100,10.36
145,Pacific Grove,US,2021-04-17 22:33:14,36.6177,-121.9166,59.0,67,40,11.5
146,Puerto Ayora,EC,2021-04-17 22:33:14,-0.7393,-90.3518,79.0,94,90,4.61
147,Chokurdakh,RU,2021-04-17 22:33:15,70.6333,147.9167,15.26,88,100,5.17
148,Poplar Bluff,US,2021-04-17 22:32:49,36.757,-90.3929,57.99,58,90,11.5
149,Tecoanapa,MX,2021-04-17 22:33:15,16.5167,-98.75,83.08,59,31,13.15
150,Laguna,US,2021-04-17 22:33:16,38.421,-121.4238,89.01,8,1,10.36
151,Port Hedland,AU,2021-04-17 22:33:16,-20.3167,118.5667,77.0,38,47,12.66
152,Vostok,RU,2021-04-17 22:33:16,46.4856,135.8833,41.2,49,20,4.72
153,Bunia,CD,2021-04-17 22:33:17,1.5667,30.25,65.25,82,85,4.0
154,Daru,PG,2021-04-17 22:33:17,-9.0763,143.2092,78.03,91,100,5.93
155,Kieta,PG,2021-04-17 22:29:36,-6.2167,155.6333,83.64,69,95,0.49
156,Carmaux,FR,2021-04-17 22:33:17,44.051,2.158,46.4,52,0,5.75
157,Alofi,NU,2021-04-17 22:29:01,-19.0595,-169.9187,82.4,69,14,4.61
158,Airai,TL,2021-04-17 22:33:18,-8.9266,125.4092,62.91,76,96,3.04
159,Port Elizabeth,ZA,2021-04-17 22:33:18,-33.918,25.5701,55.4,94,0,2.3
160,Saint Anthony,US,2021-04-17 22:33:19,45.0205,-93.218,57.2,28,75,12.66
161,Fortuna,US,2021-04-17 22:33:19,40.5982,-124.1573,53.6,87,20,16.11
162,Kiama,AU,2021-04-17 22:33:19,-34.6833,150.8667,61.0,81,16,1.99
163,Vila,PT,2021-04-17 22:33:20,42.0304,-8.1588,51.01,73,10,1.99
164,Araouane,ML,2021-04-17 22:33:20,18.9048,-3.5265,84.4,15,74,8.1
165,Zarubino,RU,2021-04-17 22:33:20,42.63,131.0922,44.64,56,81,11.77
166,East London,ZA,2021-04-17 22:33:21,-33.0153,27.9116,64.38,68,99,11.48
167,Narsaq,GL,2021-04-17 22:33:21,60.9167,-46.05,26.6,36,0,10.36
168,Krumbach,DE,2021-04-17 22:33:21,48.2418,10.3632,39.0,80,100,1.99
169,Aginskoye,RU,2021-04-17 22:33:22,51.1,114.53,47.1,38,16,1.92
170,Luderitz,NA,2021-04-17 22:33:22,-26.6481,15.1594,77.95,37,35,5.12
171,Khatanga,RU,2021-04-17 22:33:22,71.9667,102.5,-0.87,96,100,12.01
172,Havre-Saint-Pierre,CA,2021-04-17 22:33:23,50.2334,-63.5986,35.6,64,1,10.36
173,Quang Ngai,VN,2021-04-17 22:33:23,15.1167,108.8,71.13,87,12,4.88
174,Marawi,PH,2021-04-17 22:33:23,7.9986,124.2928,75.99,93,100,3.0
175,Taganak,PH,2021-04-17 22:33:24,6.0833,118.3,75.2,94,20,3.44
176,Santa Catarina,BR,2021-04-17 22:33:24,-27.0,-50.0,59.74,99,100,1.12
177,Kavieng,PG,2021-04-17 22:33:24,-2.5744,150.7967,82.92,76,73,11.45
178,Kapoeta,SS,2021-04-17 22:33:25,4.7717,33.5903,82.06,48,100,18.3
179,Isiro,CD,2021-04-17 22:30:23,2.7739,27.616,65.53,85,100,3.11
180,Inongo,CD,2021-04-17 22:33:25,-1.95,18.2667,73.78,86,98,4.97
181,Guerrero Negro,MX,2021-04-17 22:33:26,27.9769,-114.0611,65.25,60,1,20.02
182,Ariquemes,BR,2021-04-17 22:33:26,-9.9133,-63.0408,74.19,96,100,1.25
183,Thompson,CA,2021-04-17 22:33:26,55.7435,-97.8558,32.0,69,90,13.8
184,Morro Bay,US,2021-04-17 22:33:27,35.3658,-120.8499,66.99,80,15,13.0
185,Nador,MA,2021-04-17 22:33:27,35.174,-2.9287,59.0,82,0,1.14
186,Ilulissat,GL,2021-04-17 22:33:27,69.2167,-51.1,8.6,56,75,11.5
187,Nome,US,2021-04-17 22:33:28,64.5011,-165.4064,30.99,93,40,8.05
188,Tasiilaq,GL,2021-04-17 22:33:28,65.6145,-37.6368,24.8,86,90,2.01
189,Nanakuli,US,2021-04-17 22:33:28,21.3906,-158.1547,80.6,78,90,6.91
190,Qaqortoq,GL,2021-04-17 22:33:28,60.7167,-46.0333,26.6,36,0,10.36
191,Bad Vilbel,DE,2021-04-17 22:33:29,50.1787,8.7376,46.99,66,97,1.92
192,Rawson,AR,2021-04-17 22:33:29,-43.3002,-65.1023,62.58,58,99,20.04
193,Baykit,RU,2021-04-17 22:32:13,61.67,96.37,15.49,94,100,4.36
194,Morales,CO,2021-04-17 22:33:30,2.757,-76.6172,63.55,93,98,1.23
195,Cap Malheureux,MU,2021-04-17 22:33:30,-19.9842,57.6142,78.01,87,38,1.01
196,Carnarvon,AU,2021-04-17 22:33:30,-24.8667,113.6333,75.49,60,3,4.79
197,Merrill,US,2021-04-17 22:32:10,45.1805,-89.6835,60.8,28,90,6.91
198,Avera,US,2021-04-17 22:31:46,33.194,-82.5271,73.4,40,90,6.91
199,Hofn,IS,2021-04-17 22:33:31,64.2539,-15.2082,45.39,99,100,15.59
200,Broken Hill,AU,2021-04-17 22:29:06,-31.95,141.4333,48.2,71,0,5.75
201,Keuruu,FI,2021-04-17 22:33:31,62.2667,24.7,32.0,69,0,4.61
202,Saint-Francois,FR,2021-04-17 22:33:32,46.4154,3.9054,48.2,57,0,11.5
203,Terrace,CA,2021-04-17 22:30:58,54.5163,-128.6035,66.2,30,1,2.3
204,Yinchuan,CN,2021-04-17 22:33:32,38.4681,106.2731,50.16,31,0,2.55
205,Kajaani,FI,2021-04-17 22:33:32,64.2273,27.7285,28.4,80,0,1.14
206,Sakaiminato,JP,2021-04-17 22:33:33,35.55,133.2333,50.0,66,75,18.41
207,Palmerston,AU,2021-04-17 22:30:04,-12.486,130.9833,75.99,53,0,9.22
208,Pevek,RU,2021-04-17 22:33:33,69.7008,170.3133,23.25,91,84,13.85
209,Kuusamo,FI,2021-04-17 22:33:34,65.9667,29.1833,26.6,86,0,1.14
210,Saint George,US,2021-04-17 22:32:01,37.1041,-113.5841,66.2,18,1,8.05
211,Codrington,AU,2021-04-17 22:33:34,-38.2667,141.9667,57.52,81,50,9.48
212,Chiman,PK,2021-04-17 22:33:34,32.5463,73.8138,62.6,77,20,4.81
213,Nemuro,JP,2021-04-17 22:33:35,43.3236,145.575,40.17,98,100,26.44
214,Hrubieszow,PL,2021-04-17 22:33:35,50.805,23.8925,39.67,91,100,3.56
215,Bilibino,RU,2021-04-17 22:33:36,68.0546,166.4372,18.14,78,32,3.8
216,Roma,US,2021-04-17 22:29:35,43.2128,-75.4557,50.0,66,90,6.91
217,Yerbogachen,RU,2021-04-17 22:33:36,61.2767,108.0108,6.04,86,44,10.07
218,Bilma,NE,2021-04-17 22:33:36,18.6853,12.9164,86.11,7,90,8.41
219,Richards Bay,ZA,2021-04-17 22:33:37,-28.783,32.0377,59.86,77,1,7.52
220,Black River,JM,2021-04-17 22:33:37,18.0264,-77.8487,84.2,74,20,18.41
221,Paamiut,GL,2021-04-17 22:33:37,61.994,-49.6678,16.23,65,5,8.14
222,Wajima,JP,2021-04-17 22:33:38,37.4,136.9,48.63,74,91,34.85
223,Saskylakh,RU,2021-04-17 22:33:38,71.9167,114.0833,6.57,94,100,11.63
224,Fairbanks,US,2021-04-17 22:30:04,64.8378,-147.7164,50.0,40,1,8.05
225,Ulladulla,AU,2021-04-17 22:29:22,-35.35,150.4667,55.4,94,90,5.75
226,Magan,ES,2021-04-17 22:33:39,39.9683,-3.931,51.01,46,0,4.61
227,Dolna Banjica,MK,2021-04-17 22:33:39,41.7861,20.9061,42.8,100,90,1.14
228,Leshukonskoye,RU,2021-04-17 22:33:07,64.8989,45.7622,25.86,79,26,6.96
229,Chicama,PE,2021-04-17 22:33:40,-7.8447,-79.1469,64.4,94,90,10.36
230,Elk Plain,US,2021-04-17 22:33:40,47.0532,-122.3976,78.01,18,1,5.75
231,Teknaf,BD,2021-04-17 22:33:40,20.8624,92.3058,74.08,83,2,3.04
232,Qaanaaq,GL,2021-04-17 22:33:41,77.484,-69.3632,0.1,94,100,4.88
233,Vestmannaeyjar,IS,2021-04-17 22:33:41,63.4427,-20.2734,38.98,77,100,21.21
234,Flinders,AU,2021-04-17 22:33:42,-34.5833,150.8552,61.0,81,11,1.99
235,Teacapan,MX,2021-04-17 22:33:42,22.55,-105.75,80.31,46,29,10.27
236,Nantucket,US,2021-04-17 22:32:03,41.2835,-70.0995,46.4,66,1,14.97
237,Bourg-En-Bresse,FR,2021-04-17 22:33:42,46.1667,5.1667,48.2,61,0,9.22
238,Fort-De-France,MQ,2021-04-17 22:30:08,14.6089,-61.0733,82.4,69,20,11.5
239,Beysehir,TR,2021-04-17 22:33:43,37.6773,31.7246,55.76,44,97,6.51
240,Jurado,CO,2021-04-17 22:33:43,7.1053,-77.7641,79.43,84,75,3.69
241,Sabha,LY,2021-04-17 22:33:44,27.0377,14.4283,83.53,18,100,16.26
242,Esperance,AU,2021-04-17 22:33:44,-33.8667,121.9,53.6,82,0,11.5
243,Rychnov Nad Kneznou,CZ,2021-04-17 22:33:44,50.1628,16.2749,39.99,90,100,2.28
244,Rosetta,EG,2021-04-17 22:33:45,31.4044,30.4164,69.8,52,0,6.91
245,Gat,IL,2021-04-17 22:32:02,31.61,34.7642,70.0,86,40,1.81
246,San Cristobal,VE,2021-04-17 22:33:45,7.7669,-72.225,86.0,54,40,18.41
247,Ketchikan,US,2021-04-17 22:33:45,55.3422,-131.6461,60.8,44,1,8.05
248,Morondava,MG,2021-04-17 22:33:46,-20.2833,44.2833,70.39,49,0,13.89
249,Christchurch,NZ,2021-04-17 22:33:46,-43.5333,172.6333,60.01,66,6,2.3
250,Cape Town,ZA,2021-04-17 22:30:29,-33.9258,18.4232,66.0,88,0,3.44
251,Kempsey,AU,2021-04-17 22:33:47,-31.0833,152.8333,63.0,79,99,3.0
252,Anadyr,RU,2021-04-17 22:33:47,64.75,177.4833,32.0,100,90,11.18
253,Plaster Rock,CA,2021-04-17 22:33:47,46.9065,-67.39,42.8,56,90,14.97
254,Maniitsoq,GL,2021-04-17 22:33:48,65.4167,-52.9,8.89,74,82,14.05
255,Shache,CN,2021-04-17 22:33:48,38.4167,77.2406,57.7,39,97,3.85
256,Tomatlan,MX,2021-04-17 22:33:48,19.9333,-105.25,86.92,26,6,9.98
257,Virginia Beach,US,2021-04-17 22:33:49,36.8529,-75.978,60.8,51,75,10.36
258,Ambatofinandrahana,MG,2021-04-17 22:33:49,-20.55,46.8,54.27,88,95,7.58
259,Numan,NG,2021-04-17 22:33:49,9.4667,12.0333,82.94,59,99,9.93
260,Saint-Felicien,CA,2021-04-17 22:33:50,48.6501,-72.4491,50.0,53,75,9.22
261,Mengcheng,CN,2021-04-17 22:33:50,33.2579,116.5655,47.52,46,8,5.06
262,Nishihara,JP,2021-04-17 22:33:50,26.1842,127.7558,64.4,59,40,13.8
263,Nuuk,GL,2021-04-17 22:33:51,64.1835,-51.7216,15.8,48,75,11.5
264,Seddon,AU,2021-04-17 22:33:51,-37.8068,144.8916,60.01,77,90,5.75
265,Ruwi,OM,2021-04-17 22:33:51,23.5996,58.5507,78.8,19,0,9.22
266,Dubbo,AU,2021-04-17 22:33:52,-32.25,148.6167,48.2,58,90,9.22
267,Deori Khas,IN,2021-04-17 22:33:52,23.4,79.0167,81.88,22,31,5.57
268,Kitimat,CA,2021-04-17 22:29:53,54.0524,-128.6534,68.0,45,6,1.01
269,The Valley,AI,2021-04-17 22:30:22,18.217,-63.0578,82.4,78,40,9.22
270,Kenai,US,2021-04-17 22:33:53,60.5544,-151.2583,51.8,42,1,12.66
271,Urazovo,RU,2021-04-17 22:33:53,50.0836,38.0395,46.13,76,91,5.26
272,Sur,OM,2021-04-17 22:33:53,22.5667,59.5289,82.18,55,54,4.14
273,Kismayo,SO,2021-04-17 22:33:54,-0.3582,42.5454,82.51,77,79,11.1
274,Lianzhou,CN,2021-04-17 22:33:54,24.7811,112.3825,65.88,96,100,1.74
275,Metro,ID,2021-04-17 22:33:54,-5.1131,105.3067,71.42,96,100,3.24
276,Pisco,PE,2021-04-17 22:33:55,-13.7,-76.2167,69.8,78,0,25.32
277,Rudbar,AF,2021-04-17 22:33:55,30.15,62.6,72.64,19,81,8.63
278,Dennis,US,2021-04-17 22:33:55,41.7354,-70.1939,45.0,65,1,6.91
279,Arica,CL,2021-04-17 22:33:56,-18.475,-70.3042,68.0,73,0,8.05
280,Mukhen,RU,2021-04-17 22:33:56,48.1,136.1,42.76,76,1,3.31
281,Gornopravdinsk,RU,2021-04-17 22:33:56,60.05,69.9,21.22,91,100,13.8
282,Nikolskoye,RU,2021-04-17 22:33:57,59.7035,30.7861,46.4,36,0,11.18
283,Mackay,AU,2021-04-17 22:33:57,-21.15,149.2,75.0,83,90,13.8
284,Carauari,BR,2021-04-17 22:33:57,-4.8828,-66.8958,74.68,95,97,0.83
285,Walvis Bay,NA,2021-04-17 22:33:08,-22.9575,14.5053,86.0,25,100,10.36
286,Nhulunbuy,AU,2021-04-17 22:33:58,-12.2333,136.7667,84.2,58,90,10.36
287,Kawalu,ID,2021-04-17 22:33:58,-7.3817,108.2082,70.14,92,70,2.46
288,Schenefeld,DE,2021-04-17 22:33:59,53.6028,9.8233,46.99,66,75,9.22
289,Quata,BR,2021-04-17 22:33:59,-22.2475,-50.6983,66.11,85,66,2.64
290,Utiel,ES,2021-04-17 22:33:59,39.5667,-1.2,48.0,84,28,4.9
291,Makat,KZ,2021-04-17 22:33:59,47.6469,53.3463,62.92,44,99,13.15
292,Iqaluit,CA,2021-04-17 22:34:00,63.7506,-68.5145,19.4,63,20,5.75
293,Floro,NO,2021-04-17 22:34:00,61.5996,5.0328,44.6,70,0,8.05
294,Faanui,PF,2021-04-17 22:34:01,-16.4833,-151.75,82.2,72,76,9.6
295,Juneau,US,2021-04-17 22:30:13,58.3019,-134.4197,60.8,44,40,9.22
296,Broome,US,2021-04-17 22:34:01,42.2506,-75.833,48.0,70,90,6.91
297,Sidi Ali,DZ,2021-04-17 22:34:01,36.0998,0.4206,51.51,74,3,3.96
298,Aden,YE,2021-04-17 22:30:41,12.7794,45.0367,80.26,71,18,16.15
299,Kandrian,PG,2021-04-17 22:34:02,-6.2167,149.55,83.32,73,61,9.86
300,Neubrandenburg,DE,2021-04-17 22:34:02,53.5667,13.2667,42.01,92,54,7.81
301,Lorengau,PG,2021-04-17 22:34:02,-2.0226,147.2712,82.67,73,86,12.8
302,Sao Filipe,CV,2021-04-17 22:34:03,14.8961,-24.4956,73.15,70,0,12.82
303,Mount Gambier,AU,2021-04-17 22:31:41,-37.8333,140.7667,55.4,94,75,6.91
304,Los Alamos,US,2021-04-17 22:34:03,35.8881,-106.307,46.99,48,90,9.22
305,Byron Bay,AU,2021-04-17 22:34:04,-28.65,153.6167,62.6,72,88,13.8
306,Ahipara,NZ,2021-04-17 22:34:04,-35.1667,173.1667,62.71,55,86,7.16
307,Pangai,TO,2021-04-17 22:34:04,-19.8,-174.35,80.6,65,40,3.44
308,Ahualulco,MX,2021-04-17 22:34:05,22.4,-101.1667,89.6,6,75,16.11
309,Jackson,US,2021-04-17 22:34:05,42.4165,-122.8345,81.0,13,1,9.22
310,Jacareacanga,BR,2021-04-17 22:34:05,-6.2222,-57.7528,72.37,98,100,0.67
311,Benguela,AO,2021-04-17 22:34:06,-12.5763,13.4055,79.81,77,7,4.03
312,Leningradskiy,RU,2021-04-17 22:34:06,69.3833,178.4167,34.54,84,96,9.62
313,Orlik,RU,2021-04-17 22:34:06,52.5178,99.825,20.26,81,68,3.62
314,Fort Abbas,PK,2021-04-17 22:34:07,29.1925,72.8536,78.87,31,1,6.2
315,Sindgi,IN,2021-04-17 22:34:07,16.9167,76.2333,87.04,29,33,13.2
316,Bonavista,CA,2021-04-17 22:34:08,48.6499,-53.1147,35.01,86,100,4.61
317,San Carlos De Bariloche,AR,2021-04-17 22:34:08,-41.1456,-71.3082,63.0,33,40,9.22
318,Buala,SB,2021-04-17 22:34:08,-8.145,159.5921,84.79,70,76,6.22
319,Umm Lajj,SA,2021-04-17 22:34:09,25.0213,37.2685,80.17,59,0,4.27
320,Kibre Mengist,ET,2021-04-17 22:34:09,5.8833,38.9833,57.16,97,98,2.08
321,Nicoya,CR,2021-04-17 22:34:09,10.1483,-85.452,80.6,83,75,11.5
322,Upata,VE,2021-04-17 22:34:10,8.0086,-62.3989,86.0,64,83,3.0
323,Ust-Omchug,RU,2021-04-17 22:34:10,61.15,149.6333,21.52,87,96,6.89
324,Kuching,MY,2021-04-17 22:34:11,1.55,110.3333,73.4,94,40,4.61
325,Melito Di Porto Salvo,IT,2021-04-17 22:34:11,37.9222,15.7714,57.99,62,90,4.61
326,Vila Franca Do Campo,PT,2021-04-17 22:34:11,37.7167,-25.4333,62.6,100,75,9.22
327,Sestri Levante,IT,2021-04-17 22:34:12,44.2732,9.3968,51.01,47,48,8.93
328,Waingapu,ID,2021-04-17 22:34:12,-9.6567,120.2641,77.49,83,76,4.68
329,Sorland,NO,2021-04-17 22:34:12,67.667,12.6934,41.7,72,50,11.68
330,Venice,US,2021-04-17 22:34:13,27.0998,-82.4543,80.6,78,1,10.36
331,Tandalti,SD,2021-04-17 22:34:13,13.0167,31.8667,81.45,6,2,10.96
332,Manadhoo,MV,2021-04-17 22:34:13,5.7667,73.3833,83.14,74,55,8.9
333,Tazovskiy,RU,2021-04-17 22:34:14,67.4667,78.7,-3.98,99,100,7.2
334,Tres Arroyos,AR,2021-04-17 22:31:37,-38.3739,-60.2798,66.22,85,26,7.16
335,Russell,US,2021-04-17 22:34:14,32.3502,-85.1999,73.4,49,90,4.61
336,Portland,US,2021-04-17 22:32:46,45.5234,-122.6762,84.0,17,1,6.91
337,La Grande,US,2021-04-17 22:29:59,45.3246,-118.0877,69.01,22,0,1.01
338,Puerto Colombia,CO,2021-04-17 22:34:15,10.9878,-74.9547,86.0,70,0,10.36
339,Cherskiy,RU,2021-04-17 22:33:10,68.75,161.3,25.21,70,2,27.16
340,Dasoguz,TM,2021-04-17 22:34:15,41.8363,59.9666,59.0,44,6,2.3
341,Semenyih,MY,2021-04-17 22:34:16,2.9516,101.843,75.2,94,20,2.3
342,Mehamn,NO,2021-04-17 22:34:16,71.0357,27.8492,34.7,83,8,12.82
343,Kyren,RU,2021-04-17 22:34:16,51.6828,102.1408,27.61,82,100,7.2
344,Caravelas,BR,2021-04-17 22:34:17,-17.7125,-39.2481,74.55,72,82,6.08
345,North Bend,US,2021-04-17 22:34:17,43.4065,-124.2243,81.0,87,90,10.36
346,Pimampiro,EC,2021-04-17 22:34:17,0.4,-77.9667,62.76,82,88,4.74
347,Praia Da Vitoria,PT,2021-04-17 22:32:50,38.7333,-27.0667,64.4,77,20,7.0
348,Pajapan,MX,2021-04-17 22:34:18,18.25,-94.7,87.8,62,1,9.22
349,Atar,MR,2021-04-17 22:34:18,20.5169,-13.0499,77.49,19,0,9.24
350,Te Anau,NZ,2021-04-17 22:34:18,-45.4167,167.7167,52.11,91,99,5.5
351,Mindelo,CV,2021-04-17 22:31:21,16.8901,-24.9804,71.6,68,40,21.85
352,Cubara,CO,2021-04-17 22:34:19,7.0008,-72.1085,75.94,81,89,2.44
353,Verkhnyaya Inta,RU,2021-04-17 22:34:19,65.9811,60.3094,5.23,89,16,7.2
354,Kidal,ML,2021-04-17 22:34:20,18.4411,1.4078,88.48,8,100,9.73
355,Peniche,PT,2021-04-17 22:34:20,39.3558,-9.3811,57.99,90,100,5.73
356,Olafsvik,IS,2021-04-17 22:29:28,64.8945,-23.7142,36.41,78,100,10.98
357,Arenal,CO,2021-04-17 22:34:20,8.4593,-73.9433,81.73,79,99,3.87
358,Aksu,CN,2021-04-17 22:34:21,41.1231,80.2644,57.63,29,38,5.32
359,Balakhta,RU,2021-04-17 22:34:21,55.38,91.6,14.43,92,81,3.69
360,Taltal,CL,2021-04-17 22:34:22,-25.4,-70.4833,64.76,79,24,3.71
361,Cockburn Town,TC,2021-04-17 22:34:22,21.4612,-71.1419,80.6,74,40,5.75
362,Sarkand,KZ,2021-04-17 22:34:22,45.41,79.9186,49.73,53,44,7.2
363,Gladstone,AU,2021-04-17 22:34:23,-23.85,151.25,69.8,60,0,6.91
364,Naifaru,MV,2021-04-17 22:34:23,5.4444,73.3657,82.53,75,40,8.7
365,Shawnee,US,2021-04-17 22:34:23,39.05,-95.7669,55.4,54,90,9.22
366,Sibolga,ID,2021-04-17 22:34:24,1.7427,98.7792,74.84,85,60,4.03
367,Hasaki,JP,2021-04-17 22:34:24,35.7333,140.8333,62.6,63,20,13.8
368,Maun,BW,2021-04-17 22:34:24,-19.9833,23.4167,64.4,72,0,8.05
369,Acarau,BR,2021-04-17 22:34:25,-2.8856,-40.12,78.66,84,10,12.88
370,Sagua La Grande,CU,2021-04-17 22:34:25,22.8067,-80.0756,89.6,45,40,14.97
371,Saint-Paul,RE,2021-04-17 22:34:25,-21.0096,55.2707,75.2,88,75,3.44
372,Mandalgovi,MN,2021-04-17 22:34:26,45.7625,106.2708,43.59,16,58,15.23
373,Savelugu,GH,2021-04-17 22:34:26,9.6244,-0.8253,83.59,51,85,10.38
374,Revda,RU,2021-04-17 22:34:26,56.801,59.9303,28.4,74,0,2.24
375,Liwale,TZ,2021-04-17 22:34:02,-9.7667,37.9333,66.51,92,3,6.73
376,Pathein,MM,2021-04-17 22:34:27,16.7833,94.7333,76.55,80,28,3.38
377,Chaykovskiy,RU,2021-04-17 22:34:27,56.7686,54.1148,33.01,68,4,3.09
378,Olinda,BR,2021-04-17 22:33:15,-8.0089,-34.8553,75.2,88,40,2.3
379,Luwuk,ID,2021-04-17 22:34:28,-0.9516,122.7875,78.78,76,70,3.49
380,Lavrentiya,RU,2021-04-17 22:34:28,65.5833,-171.0,31.91,86,87,10.22
381,Crossville,US,2021-04-17 22:33:11,35.949,-85.0269,57.99,51,90,10.36
382,Khor,RU,2021-04-17 22:34:28,47.8861,134.9464,42.21,71,4,4.09
383,Kilindoni,TZ,2021-04-17 22:34:29,-7.9139,39.6668,81.72,71,61,22.46
384,Sitka,US,2021-04-17 22:34:29,57.0531,-135.33,51.8,71,40,4.61
385,Las Vegas,US,2021-04-17 22:30:31,36.175,-115.1372,75.0,13,75,9.22
386,Anchorage,US,2021-04-17 22:34:30,61.2181,-149.9003,48.2,34,1,8.05
387,Okoneshnikovo,RU,2021-04-17 22:34:30,54.8377,75.0834,34.54,74,93,8.97
388,Port Moresby,PG,2021-04-17 22:34:30,-9.4431,147.1797,80.6,89,40,5.75
389,San Quintin,MX,2021-04-17 22:34:31,30.4833,-115.95,62.8,66,0,17.0
390,Pokhara,NP,2021-04-17 22:34:31,28.2333,83.9833,67.51,31,35,7.34
391,Naze,JP,2021-04-17 22:34:31,28.3667,129.4833,62.6,51,20,11.5
392,Skala Fourkas,GR,2021-04-17 22:34:32,39.9998,23.3841,54.0,100,69,1.99
393,Coihaique,CL,2021-04-17 22:34:32,-45.5752,-72.0662,53.6,76,75,3.44
394,Khani,GE,2021-04-17 22:34:32,41.9563,42.9566,57.2,82,0,13.8
395,Puerto Madero,MX,2021-04-17 22:34:33,14.7208,-92.4215,89.6,62,40,12.66
396,Orange Cove,US,2021-04-17 22:31:58,36.6244,-119.3137,79.0,33,4,2.42
397,La Ronge,CA,2021-04-17 22:34:33,55.1001,-105.2842,50.0,34,100,13.8
398,Keningau,MY,2021-04-17 22:34:34,5.3378,116.1602,75.2,83,20,5.75
399,Voskresenskoye,RU,2021-04-17 22:34:34,56.8381,45.4317,36.19,90,0,5.91
400,Dubai,AE,2021-04-17 22:30:07,25.2582,55.3047,77.0,60,0,5.75
401,Sarlat-La-Caneda,FR,2021-04-17 22:34:34,44.889,1.2166,42.01,71,8,3.94
402,Chernyshevskiy,RU,2021-04-17 22:34:35,63.0128,112.4714,7.72,90,100,10.6
403,Vangaindrano,MG,2021-04-17 22:34:35,-23.35,47.6,62.96,66,35,8.19
404,Denpasar,ID,2021-04-17 22:34:35,-8.65,115.2167,78.8,94,20,3.44
405,Yatou,CN,2021-04-17 22:34:36,37.15,122.3833,47.82,52,0,6.06
406,Haines Junction,CA,2021-04-17 22:34:36,60.7522,-137.5108,55.4,24,13,6.91
407,Pangody,RU,2021-04-17 22:34:36,65.85,74.4859,-10.8,99,86,8.08
408,La Asuncion,VE,2021-04-17 22:34:37,11.0333,-63.8628,78.84,79,82,20.8
409,Mitchell,US,2021-04-17 22:34:37,43.7094,-98.0298,55.4,30,20,14.97
410,Wronki,PL,2021-04-17 22:34:37,52.7105,16.3804,44.01,100,20,1.14
411,Namatanai,PG,2021-04-17 22:34:38,-3.6667,152.4333,84.15,72,94,13.89
412,Tautira,PF,2021-04-17 22:34:38,-17.7333,-149.15,87.8,62,20,11.5
413,Bure,ET,2021-04-17 22:34:38,10.7,37.0667,66.36,43,63,5.08
414,Itoman,JP,2021-04-17 22:34:39,26.1247,127.6694,64.4,63,75,24.16
415,Silifke,TR,2021-04-17 22:34:39,36.3778,33.9344,72.68,47,100,2.93
416,Inhapim,BR,2021-04-17 22:34:39,-19.5492,-42.12,66.33,80,25,3.83
417,Candolim,IN,2021-04-17 22:34:40,15.5181,73.7626,82.4,89,20,4.61
418,Lunglei,IN,2021-04-17 22:34:40,22.8833,92.7333,60.31,69,0,2.66
419,Grand Gaube,MU,2021-04-17 22:34:40,-20.0064,57.6608,78.01,87,33,1.99
420,Garden City,US,2021-04-17 22:32:48,42.3256,-83.331,60.8,41,75,3.44
421,Salinas,US,2021-04-17 22:34:24,36.6777,-121.6555,62.6,55,1,17.27
422,Altamira,BR,2021-04-17 22:34:41,-3.2033,-52.2064,78.8,100,75,2.3
423,Asau,RO,2021-04-17 22:34:41,46.4333,26.4,42.01,53,97,3.74
424,Chernaya Kholunitsa,RU,2021-04-17 22:34:42,58.8511,51.7154,34.48,88,8,4.97
425,Pabrade,LT,2021-04-17 22:34:42,55.0,25.7833,46.99,93,99,3.44
426,Borogontsy,RU,2021-04-17 22:34:42,62.6683,131.1683,19.31,85,30,9.86
427,Belmonte,BR,2021-04-17 22:34:43,-15.8631,-38.8828,77.0,73,20,6.91
428,Ust-Nera,RU,2021-04-17 22:34:43,64.5667,143.2,25.65,93,100,9.28
429,San Patricio,US,2021-04-17 22:34:43,28.017,-97.5169,66.2,63,90,13.8
430,Pamekasan,ID,2021-04-17 22:34:44,-7.1568,113.4746,78.22,82,71,1.77
431,Palanga,LT,2021-04-17 22:34:44,55.9175,21.0686,51.8,54,20,5.75
432,Hambantota,LK,2021-04-17 22:34:44,6.1241,81.1185,77.0,100,40,5.75
433,Visby,SE,2021-04-17 22:34:45,57.6409,18.296,39.99,81,97,9.22
434,Makokou,GA,2021-04-17 22:34:45,0.5738,12.8642,69.78,97,98,2.71
435,Zhigansk,RU,2021-04-17 22:34:45,66.7697,123.3711,14.65,91,99,10.6
436,Moen,NO,2021-04-17 22:34:46,69.1304,18.6123,33.8,75,41,4.61
437,Dakar,SN,2021-04-17 22:34:46,14.6937,-17.4441,68.0,88,0,11.5
438,Nizwa,OM,2021-04-17 22:34:46,22.9333,57.5333,79.3,19,91,1.3
439,Tigzirt,DZ,2021-04-17 22:34:47,36.8886,4.1198,50.25,85,91,0.74
440,Inirida,CO,2021-04-17 22:34:47,3.8653,-67.9239,75.49,95,73,2.95
441,Zhangzhou,CN,2021-04-17 22:34:48,24.5133,117.6556,68.0,52,0,15.66
442,Svecha,RU,2021-04-17 22:34:48,58.2785,47.5164,35.13,88,5,6.15
443,Genhe,CN,2021-04-17 22:34:48,50.7833,121.5167,36.05,56,8,2.91
444,Sabla,NG,2021-04-17 22:34:48,12.7525,4.7077,91.83,18,50,3.06
445,Sosnovo-Ozerskoye,RU,2021-04-17 22:34:49,52.5249,111.5418,35.64,61,97,15.28
446,Kokoda,PG,2021-04-17 22:34:49,-8.8785,147.7407,82.53,76,97,3.74
447,Rio Verde De Mato Grosso,BR,2021-04-17 22:34:49,-18.9181,-54.8442,76.87,62,74,3.38
448,Zatoka,UA,2021-04-17 22:34:50,46.0725,30.4654,44.01,100,90,2.08
449,San Luis,AR,2021-04-17 22:34:50,-33.295,-66.3356,68.09,67,25,4.63
450,Muros,ES,2021-04-17 22:34:50,42.7762,-9.0603,53.01,64,40,1.01
451,Neiafu,TO,2021-04-17 22:34:51,-18.65,-173.9833,82.4,65,20,8.05
452,Buy,RU,2021-04-17 22:34:51,58.4786,41.53,38.57,84,10,5.88
453,Komsomolskiy,UZ,2021-04-17 22:34:51,40.4272,71.7189,55.4,54,99,2.3
454,Pangnirtung,CA,2021-04-17 22:34:52,66.1451,-65.7125,2.3,95,76,4.88
455,Freeport,US,2021-04-17 22:34:07,40.6576,-73.5832,55.4,47,90,5.75
456,Sishui,CN,2021-04-17 22:34:52,35.6489,117.2758,50.4,24,1,2.39
457,Burgersdorp,ZA,2021-04-17 22:34:53,-30.9977,26.3286,51.22,38,21,3.6
458,Lindome,SE,2021-04-17 22:34:53,57.5667,12.0833,52.0,49,0,9.22
459,Takoradi,GH,2021-04-17 22:34:53,4.8845,-1.7554,80.98,80,56,8.81
460,Vanavara,RU,2021-04-17 22:34:53,60.34,102.2797,8.11,94,40,4.47
461,Soubre,CI,2021-04-17 22:34:54,5.7856,-6.6083,72.39,91,100,1.61
462,Masvingo,ZW,2021-04-17 22:34:54,-20.0637,30.8277,49.73,79,39,4.76
463,Mamallapuram,IN,2021-04-17 22:34:54,12.6264,80.1722,80.6,89,40,2.3
464,Changli,CN,2021-04-17 22:34:55,39.7042,119.1506,50.85,23,0,4.92
465,Inhambane,MZ,2021-04-17 22:34:55,-23.865,35.3833,67.42,71,89,7.92
466,Show Low,US,2021-04-17 22:34:55,34.2542,-110.0298,53.01,32,75,9.22
467,Luanda,AO,2021-04-17 22:29:58,-8.8368,13.2343,79.93,84,76,6.22
468,Urengoy,RU,2021-04-17 22:31:17,65.9667,78.3667,-12.96,100,55,8.03
469,Cachoeiras De Macacu,BR,2021-04-17 22:34:56,-22.4625,-42.6531,80.01,88,40,10.36
470,Sioux Lookout,CA,2021-04-17 22:34:56,50.1001,-91.917,53.6,26,40,13.8
471,Saint-Joseph,RE,2021-04-17 22:34:57,-21.3667,55.6167,71.6,94,90,4.61
472,Ngunguru,NZ,2021-04-17 22:34:57,-35.6167,174.5,68.0,64,71,6.08
473,Elayirampannai,IN,2021-04-17 22:34:57,9.2667,77.8333,80.6,89,20,2.3
474,Tura,IN,2021-04-17 22:32:04,25.5198,90.2201,65.98,88,7,3.85
475,Pombia,IT,2021-04-17 22:34:58,45.653,8.6336,46.0,75,0,5.75
476,Andenes,NO,2021-04-17 22:34:58,69.3143,16.1194,36.0,75,29,11.5
477,Coruripe,BR,2021-04-17 22:34:59,-10.1256,-36.1756,77.4,79,39,7.27
478,Thunder Bay,CA,2021-04-17 22:34:59,48.4001,-89.3168,51.8,30,20,11.5
479,Wanaka,NZ,2021-04-17 22:34:59,-44.7,169.15,50.11,81,96,7.16
480,Zabaykalsk,RU,2021-04-17 22:35:00,49.6333,117.3167,41.16,43,0,4.79
481,Hurghada,EG,2021-04-17 22:35:00,27.2574,33.8129,78.8,25,0,9.82
482,Karangampel,ID,2021-04-17 22:35:00,-6.4622,108.4519,77.31,81,100,5.28
483,Marechal Candido Rondon,BR,2021-04-17 22:35:01,-24.5561,-54.0567,78.01,52,13,3.71
484,Bismarck,US,2021-04-17 22:30:07,46.8083,-100.7837,60.8,21,1,17.27
485,Ayagoz,KZ,2021-04-17 22:35:01,47.9714,80.4392,43.09,81,43,6.38
486,Simao,CN,2021-04-17 22:35:01,22.7886,100.9748,54.19,97,86,1.83
487,Vao,NC,2021-04-17 22:35:02,-22.6667,167.4833,75.34,74,33,18.34
488,Waw,SS,2021-04-17 22:35:02,7.7029,27.9953,88.02,32,87,2.21
489,Santa Lucia,ES,2021-04-17 22:35:02,27.9117,-15.5407,68.0,68,40,24.16
490,Gunjur,GM,2021-04-17 22:35:03,13.2019,-16.7339,73.4,78,0,9.22
491,Sivas,TR,2021-04-17 22:35:03,39.7916,37.0019,51.8,62,40,10.36
492,Lasa,IT,2021-04-17 22:35:04,46.6166,10.7002,39.0,69,0,5.75
493,Burnie,AU,2021-04-17 22:35:04,-41.0667,145.9167,55.0,80,64,7.0
494,Lar,IN,2021-04-17 22:35:04,26.2039,83.9717,81.09,27,53,3.62
495,Baiyin,CN,2021-04-17 22:35:05,36.5583,104.2081,33.8,51,0,6.71
496,Harper,LR,2021-04-17 22:35:05,4.375,-7.7169,77.59,86,100,6.71
497,Fort-Shevchenko,KZ,2021-04-17 22:35:05,44.5086,50.263,58.53,47,90,3.42
498,Medina,SA,2021-04-17 22:34:27,24.4686,39.6142,71.6,56,40,4.61
499,Acapulco,MX,2021-04-17 22:35:06,16.8634,-99.8901,82.4,69,20,5.75
500,Bang Saphan,TH,2021-04-17 22:35:06,11.2126,99.5117,75.9,92,75,3.71
501,Boa Vista,BR,2021-04-17 22:33:54,2.8197,-60.6733,87.8,55,20,8.05
502,Manta,EC,2021-04-17 22:35:07,-0.95,-80.7333,78.8,78,75,9.22
503,Fort Nelson,CA,2021-04-17 22:30:09,58.8053,-122.7002,42.8,81,90,6.91
504,Dalbandin,PK,2021-04-17 22:35:07,28.8947,64.4101,73.2,16,72,2.55
505,San Miguel,SV,2021-04-17 22:35:07,13.4833,-88.1833,89.6,66,20,8.05
506,Cordoba,AR,2021-04-17 22:35:08,-31.4135,-64.1811,77.0,68,40,10.36
507,Longido,TZ,2021-04-17 22:35:08,-2.7333,36.6833,63.0,91,47,8.1
508,Varhaug,NO,2021-04-17 22:35:08,58.6147,5.6457,39.2,81,0,2.3
509,Mamontovo,RU,2021-04-17 22:35:09,52.7055,81.6244,33.35,77,7,6.96
510,Vavoua,CI,2021-04-17 22:35:09,7.3819,-6.4778,70.74,91,100,1.95
511,Bonthe,SL,2021-04-17 22:35:09,7.5264,-12.505,79.03,80,100,2.89
512,Bandarbeyla,SO,2021-04-17 22:35:10,9.4942,50.8122,81.7,72,36,7.9
513,Mae Sot,TH,2021-04-17 22:35:10,16.7167,98.5667,71.58,96,61,0.87
514,Palafrugell,ES,2021-04-17 22:35:10,41.9174,3.1631,53.01,81,40,9.33
515,Port Augusta,AU,2021-04-17 22:35:11,-32.5,137.7667,57.2,88,90,5.75
516,Kathmandu,NP,2021-04-17 22:30:15,27.7167,85.3167,61.57,44,24,2.89
517,Sabana De Torres,CO,2021-04-17 22:35:11,7.3915,-73.4957,71.6,100,75,6.91
518,Saint-Leu,RE,2021-04-17 22:35:12,-21.15,55.2833,75.2,94,90,4.61
519,Thiruvananthapuram,IN,2021-04-17 22:35:12,8.4833,76.9167,84.2,79,40,3.44
520,Madingou,CG,2021-04-17 22:35:12,-4.1536,13.55,75.52,90,98,1.72
521,Jalu,LY,2021-04-17 22:35:13,29.0331,21.5482,84.74,12,78,9.53
522,San Policarpo,PH,2021-04-17 22:35:13,12.1791,125.5072,76.87,94,100,28.54
523,Ucluelet,CA,2021-04-17 22:35:13,48.9329,-125.5528,60.8,55,1,5.75
524,Beipiao,CN,2021-04-17 22:35:14,41.7919,120.7792,45.25,25,0,3.74
525,Petropavl,KZ,2021-04-17 22:30:19,54.8753,69.1628,37.31,74,38,8.59
526,Prince Rupert,CA,2021-04-17 22:35:14,54.3161,-130.3201,64.4,39,1,4.61
527,Houma,US,2021-04-17 22:35:15,29.5958,-90.7195,64.4,94,90,9.22
528,Dongsheng,CN,2021-04-17 22:31:18,39.8161,109.9776,39.58,28,0,8.25
529,Nyaunglebin,MM,2021-04-17 22:35:15,17.95,96.7333,74.98,83,38,2.8
530,Haikou,CN,2021-04-17 22:35:15,20.0458,110.3417,75.2,94,20,4.47
531,Okhotsk,RU,2021-04-17 22:35:16,59.3833,143.3,26.78,91,100,9.75
532,Singaparna,ID,2021-04-17 22:35:16,-7.3515,108.111,69.04,91,68,2.08
533,Roald,NO,2021-04-17 22:35:16,62.5833,6.1333,42.01,75,0,5.75
534,Port-Gentil,GA,2021-04-17 22:35:17,-0.7193,8.7815,75.2,88,75,12.66
535,Xixiang,CN,2021-04-17 22:35:17,35.1628,112.865,53.85,37,100,3.13
536,Katrineholm,SE,2021-04-17 22:35:18,58.9959,16.2072,44.6,49,100,8.05
537,Seoul,KR,2021-04-17 22:34:12,37.5683,126.9778,46.4,70,0,8.05
538,Sungaipenuh,ID,2021-04-17 22:35:18,-2.0833,101.3833,63.55,94,100,1.45
539,Rocha,UY,2021-04-17 22:35:18,-34.4833,-54.3333,59.79,93,13,4.32
540,Brawley,US,2021-04-17 22:35:19,32.9787,-115.5303,89.6,11,1,5.75
541,Sandwick,GB,2021-04-17 22:35:19,60.0,-1.25,42.8,75,0,20.71
542,Nalgonda,IN,2021-04-17 22:35:19,17.05,79.2667,79.57,63,5,6.31
543,Kudahuvadhoo,MV,2021-04-17 22:35:20,2.6708,72.8944,82.38,69,28,8.86
544,Bull Savanna,JM,2021-04-17 22:35:20,17.8868,-77.5902,78.82,75,0,14.03
545,Senanga,ZM,2021-04-17 22:35:20,-16.1167,23.2667,61.65,54,44,6.06
546,Nizhniy Kuranakh,RU,2021-04-17 22:35:21,58.8353,125.4869,28.71,73,100,5.01
547,Mogocha,RU,2021-04-17 22:35:12,53.7333,119.7667,39.25,53,100,2.42
548,Aklavik,CA,2021-04-17 22:35:21,68.2191,-135.0107,48.2,31,20,6.91
549,Isangel,VU,2021-04-17 22:35:22,-19.55,169.2667,82.4,78,75,12.35
550,Tezu,IN,2021-04-17 22:35:22,27.9167,96.1667,67.68,70,80,2.42
551,Alice Springs,AU,2021-04-17 22:35:22,-23.7,133.8833,48.2,71,0,5.75
552,Bojnurd,IR,2021-04-17 22:35:23,37.4747,57.329,48.2,61,0,2.3
553,Borovoy,RU,2021-04-17 22:35:23,55.4333,86.0833,26.6,54,0,4.47
554,Santiago Del Estero,AR,2021-04-17 22:34:48,-27.7951,-64.2615,77.0,63,12,2.06
555,Mitsamiouli,KM,2021-04-17 22:35:24,-11.3847,43.2844,81.16,76,100,12.57
556,Verkh-Usugli,RU,2021-04-17 22:35:24,52.7,115.1667,40.05,48,100,2.8
557,Brownfield,US,2021-04-17 22:35:24,33.1812,-102.2744,55.99,43,90,10.36
558,Veinticinco De Mayo,AR,2021-04-17 22:35:25,-35.4323,-60.1727,71.01,62,58,1.99
559,Casablanca,MA,2021-04-17 22:33:33,33.5928,-7.6192,60.8,88,75,8.05
560,Machali,CL,2021-04-17 22:31:07,-34.1833,-70.6667,60.8,72,98,8.05
561,Macas,EC,2021-04-17 22:35:25,-2.3167,-78.1167,66.2,100,75,8.05
562,Chor,PK,2021-04-17 22:35:26,25.5167,69.7667,80.94,36,1,4.61
563,Conceicao Do Araguaia,BR,2021-04-17 22:35:26,-8.2578,-49.2647,75.2,94,0,1.63
564,Arsk,RU,2021-04-17 22:35:26,56.0915,49.8778,35.6,55,0,6.71
565,Salalah,OM,2021-04-17 22:34:08,17.0151,54.0924,78.8,61,0,4.61
566,Whyalla,AU,2021-04-17 22:35:27,-33.0333,137.5833,57.2,88,90,5.75
567,Kalmunai,LK,2021-04-17 22:35:27,7.4167,81.8167,77.92,85,75,6.2
568,Luganville,VU,2021-04-17 22:35:27,-15.5333,167.1667,84.45,72,86,9.08
569,Kaputa,ZM,2021-04-17 22:35:28,-8.4689,29.6619,67.77,89,98,9.04
570,Namwala,ZM,2021-04-17 22:35:28,-15.7504,26.4384,61.29,71,100,5.64
571,Padang,ID,2021-04-17 22:35:28,-0.9492,100.3543,73.4,94,20,2.3
572,Faya,SA,2021-04-17 22:35:29,18.3851,42.4509,59.0,67,40,16.11
573,San Jose,US,2021-04-17 22:32:41,37.3394,-121.895,75.99,37,1,11.5
574,Batabano,CU,2021-04-17 22:35:29,22.7164,-82.2881,84.2,61,40,9.22
